MassTransportCoefficient,MembraneIonDragCoefficient,PCathodeReactionRateConstant,AnodeReactionRateConstant,Cost
5.872091676899849,1.5180530024860168,9.90507705691314e-05,1.971529726764177e-05,94.97896176378964
