MassTransportCoefficient,MembraneIonDragCoefficient,PCathodeReactionRateConstant,AnodeReactionRateConstant,Cost
5.875605623905669,1.1480150683774915,5.548820793778571e-05,1.871802246974421e-05,95.02434909933142
