MassTransportCoefficient,MembraneIonDragCoefficient,PCathodeReactionRateConstant,AnodeReactionRateConstant,Cost
0.10179061145946378,0.038466329514878383,1.1240988708762466e-08,3.054147078847231e-08,117.59674793131957
