MassTransportCoefficient,MembraneIonDragCoefficient,PCathodeReactionRateConstant,AnodeReactionRateConstant,Cost
1.0824715493928707,0.013277423312813008,1.0248208634413159e-08,1.6417980918595335e-08,26.8465676921201
