MassTransportCoefficient,MembraneIonDragCoefficient,PCathodeReactionRateConstant,AnodeReactionRateConstant,Cost
2.2441435595296824,0.8253001013813419,3.5759753259366307e-09,2.853968875915417e-07,86.42187965892789
