MassTransportCoefficient,MembraneIonDragCoefficient,PCathodeReactionRateConstant,AnodeReactionRateConstant,Cost
44.410632513364675,0.28115660891521177,3.3638387279276674e-07,3.797338136692747e-09,86.60510993061968
